Inspection_ID,Results
920444,Pass
920445,Pass
920446,Fail
920448,Pass
920449,Fail
920450,Fail
920453,Pass
920471,Pass
920476,Pass
920477,Pass
920478,Pass
1072715,Pass
1072716,Fail
1072717,Pass
1072718,Pass
1072720,Pass
1072724,Pass
1072725,Pass
1072727,Pass
1072728,Fail
1092765,Fail
1092770,Pass
1092771,Fail
1092772,Pass
1092774,Pass
1092775,Pass
1092777,Pass
1092778,Pass
1092779,Pass
1092780,Pass
1092782,Pass
1092784,Fail
1092785,Pass
1092786,Fail
1092787,Pass
1092788,Pass
1092789,Fail
1092790,Fail
1092791,Pass
1092792,Fail
1092793,Fail
1092794,Pass
1092795,Pass
1092796,Fail
1092797,Pass
1092798,Pass
1092799,Fail
1092800,Pass
1092801,Pass
1092802,Pass
1092803,Pass
1092804,Fail
1092805,Pass
1092808,Pass
1092809,Pass
1092810,Fail
1092811,Pass
1092813,Pass
1092814,Fail
1092815,Fail
1092816,Pass
1092817,Pass
1092818,Pass
1092819,Pass
1092820,Pass
1092821,Fail
1092823,Pass
1092824,Pass
1092825,Fail
1092827,Pass
1092828,Pass
1092830,Pass
1092832,Pass
1092835,Pass
1092836,Fail
1092837,Pass
1092842,Fail
1092845,Pass
1092849,Pass
1092850,Pass
1092851,Pass
1092852,Pass
1092853,Pass
1092854,Pass
1092855,Fail
1092856,Pass
1092857,Pass
1092858,Pass
1092859,Pass
1092861,Pass
1092862,Pass
1092863,Pass
1092864,Pass
1092865,Pass
1092866,Pass
1092867,Pass
1092868,Pass
1092869,Pass
1092870,Pass
1092873,Pass
1092874,Pass
1092875,Pass
1092876,Pass
1092878,Pass
1092879,Pass
1092880,Pass
1092881,Pass
1092882,Pass
1092884,Pass
1092885,Pass
1092886,Pass
1092887,Fail
1092893,Fail
1092894,Pass
1092895,Fail
1092896,Pass
1092899,Fail
1092900,Fail
1092901,Fail
1092902,Pass
1092903,Pass
1092904,Pass
1092907,Pass
1092908,Fail
1092913,Fail
1092914,Fail
1092915,Pass
1092917,Pass
1107012,Fail
1107013,Fail
1107016,Pass
1107018,Pass
1107020,Pass
1107021,Pass
1107022,Fail
1107023,Fail
1107024,Pass
1107025,Pass
1107027,Pass
1107030,Fail
1107031,Fail
1107032,Fail
1107036,Pass
1107037,Fail
1107038,Fail
1107041,Fail
1107042,Fail
1107043,Fail
1107044,Pass
1107047,Fail
1107050,Fail
1107052,Pass
1107053,Fail
1107054,Pass
1107058,Fail
1107061,Pass
1107063,Pass
1107064,Fail
1107065,Pass
1107066,Pass
1107067,Pass
1107068,Pass
1107070,Fail
1107076,Fail
1107081,Fail
1107091,Pass
1107094,Pass
1107095,Pass
1107098,Pass
1107099,Fail
1107100,Fail
1107101,Pass
1107103,Pass
1107104,Fail
1107105,Pass
1107106,Fail
1107107,Pass
1107110,Pass
1107112,Fail
1107114,Fail
1107115,Pass
1107121,Pass
1107123,Fail
1107126,Fail
1107129,Pass
1107130,Pass
1107131,Pass
1110415,Pass
1110416,Fail
1110419,Pass
1110420,Fail
1110421,Pass
1110422,Fail
1115204,Pass
1115207,Pass
1115208,Fail
1115209,Pass
1115210,Pass
1115212,Fail
1115214,Pass
1115215,Fail
1115218,Pass
1115219,Fail
1115220,Pass
1115221,Fail
1115222,Pass
1115223,Pass
1115225,Pass
1115226,Pass
1115227,Pass
1115229,Pass
1115230,Pass
1115233,Fail
1115234,Pass
1115257,Pass
1151914,Pass
1151916,Pass
1151917,Fail
1151920,Fail
1151921,Pass
1151924,Fail
1151925,Pass
1151928,Pass
1151929,Pass
1151930,Pass
1151933,Pass
1151936,Pass
1151937,Pass
1151938,Pass
1151939,Pass
1151941,Pass
1151942,Fail
1151947,Pass
1151950,Pass
1151951,Pass
1151953,Fail
1151954,Fail
1151955,Pass
1151956,Pass
1151958,Fail
1151961,Pass
1151962,Pass
1151963,Pass
1151967,Pass
1151968,Pass
1151976,Pass
1151977,Fail
1151978,Pass
1151979,Pass
1151980,Pass
1151983,Pass
1151984,Pass
1151985,Pass
1151986,Pass
1151987,Pass
1151988,Pass
1151989,Pass
1151990,Pass
1151991,Pass
1151992,Pass
1151994,Pass
1151995,Pass
1151996,Pass
1151998,Pass
1151999,Pass
1152000,Pass
1152003,Pass
1152004,Pass
1152005,Fail
1152007,Fail
1152010,Pass
1152011,Pass
1152012,Pass
1152013,Pass
1152014,Fail
1152015,Pass
1152016,Pass
1152017,Fail
1152018,Pass
1152019,Pass
1152022,Pass
1152024,Pass
1152026,Pass
1152027,Fail
1152028,Pass
1152029,Pass
1152030,Pass
1152031,Fail
1152032,Fail
1152037,Pass
1152038,Pass
1152040,Pass
1152041,Pass
1152042,Fail
1152043,Pass
1152044,Fail
1152046,Pass
1152047,Fail
1152049,Pass
1152050,Pass
1152051,Pass
1152053,Pass
1152060,Fail
1152061,Pass
1152062,Fail
1152064,Pass
1152066,Pass
1152067,Fail
1152068,Pass
1152070,Pass
1152071,Fail
1152072,Pass
1152073,Pass
1152074,Fail
1152077,Pass
1152079,Fail
1152080,Pass
1152081,Pass
1152083,Pass
1152085,Pass
1152087,Fail
1152187,Pass
1152188,Pass
1152189,Pass
1155193,Pass
1155194,Pass
1155195,Pass
1155196,Pass
1155197,Pass
1155198,Pass
1155199,Pass
1155202,Pass
1155203,Pass
1155204,Pass
1155205,Pass
1155206,Pass
1155208,Pass
1155209,Pass
1155210,Pass
1155242,Pass
1155243,Pass
1155244,Pass
1155245,Pass
1155246,Pass
1174656,Pass
1174657,Pass
1174658,Fail
1174659,Pass
1174674,Fail
1174675,Pass
1174678,Pass
1174679,Pass
1174680,Fail
1199280,Fail
1199281,Pass
1199286,Pass
1199289,Fail
1199290,Pass
1199291,Pass
1199292,Pass
1199293,Pass
1199294,Pass
1199297,Fail
1199298,Fail
1199300,Fail
1199301,Pass
1199302,Pass
1199303,Fail
1199304,Fail
1199305,Pass
1199306,Pass
1199307,Fail
1199310,Pass
1199311,Fail
1199312,Pass
1199313,Pass
1199314,Fail
1199317,Pass
1199319,Fail
1199320,Pass
1199321,Pass
1199322,Pass
1199323,Pass
1199325,Pass
1199326,Pass
1199327,Pass
1199331,Pass
1199332,Fail
1199333,Pass
1199334,Pass
1199335,Pass
1199337,Pass
1199339,Fail
1199341,Pass
1199347,Pass
1199348,Pass
1199349,Pass
1199350,Pass
1199351,Pass
1199352,Pass
1199356,Pass
1199357,Pass
1199358,Pass
1199361,Pass
1199363,Pass
1199365,Pass
1199491,Pass
1199492,Pass
1199493,Pass
1199494,Pass
1199495,Pass
1199498,Pass
1199499,Pass
1199500,Pass
1199502,Pass
1199503,Pass
1199505,Pass
1199507,Pass
1199508,Fail
1199509,Fail
1199511,Fail
1199512,Pass
1199513,Pass
1199514,Pass
1199515,Pass
1199516,Pass
1199517,Pass
1199518,Pass
1199519,Pass
1199520,Pass
1199521,Pass
1199522,Pass
1199523,Pass
1199525,Pass
1199527,Pass
1199528,Pass
1199532,Pass
1199533,Pass
1199535,Pass
1199538,Pass
1199541,Pass
1199542,Pass
1199543,Pass
1199544,Pass
1199545,Pass
1199546,Pass
1199548,Pass
1199549,Pass
1199550,Pass
1199551,Fail
1199552,Pass
1199554,Pass
1199557,Pass
1199558,Pass
1199560,Pass
1199562,Pass
1199565,Pass
1199569,Pass
1199570,Pass
1199571,Pass
1199572,Pass
1199573,Pass
1199577,Pass
1199579,Pass
1199581,Pass
1199582,Fail
1199583,Fail
1199584,Pass
1199587,Pass
1199588,Pass
1199589,Pass
1228400,Pass
1228401,Pass
1228402,Pass
1228403,Pass
1228404,Fail
1228407,Pass
1228409,Fail
1228410,Pass
1228411,Pass
1228412,Fail
1228414,Pass
1228415,Pass
1228416,Pass
1228418,Pass
1228419,Pass
1228421,Pass
1228424,Pass
1228425,Fail
1228427,Pass
1228428,Fail
1228429,Pass
1228430,Pass
1228432,Pass
1228435,Pass
1228437,Pass
1228438,Pass
1228440,Pass
1228441,Pass
1228442,Pass
1228444,Pass
1228445,Pass
1228446,Pass
1228447,Fail
1228449,Pass
1228451,Fail
1228452,Pass
1228453,Fail
1228454,Pass
1228455,Pass
1228457,Pass
1228458,Pass
1228460,Fail
1228461,Pass
1228463,Pass
1228464,Pass
1228465,Pass
1228466,Pass
1228467,Pass
1228468,Pass
1228470,Fail
1228473,Fail
1228475,Pass
1228476,Pass
1228478,Pass
1228481,Pass
1228482,Fail
1228484,Fail
1228486,Pass
1236130,Pass
1236131,Pass
1236132,Pass
1236133,Fail
1236134,Pass
1236135,Pass
1236137,Pass
1236138,Fail
1236139,Pass
1236140,Pass
1236141,Pass
1236142,Pass
1236143,Pass
1236144,Pass
1236146,Pass
1236149,Pass
1236151,Fail
1236152,Pass
1236155,Fail
1236156,Pass
1236159,Pass
1236160,Pass
1236161,Fail
1236162,Pass
1236163,Pass
1236165,Pass
1236166,Pass
1236167,Pass
1236168,Fail
1236169,Pass
1236170,Pass
1236171,Pass
1236172,Pass
1236173,Pass
1236174,Pass
1236176,Pass
1236177,Pass
1236178,Fail
1236179,Pass
1236185,Pass
1236186,Pass
1236187,Pass
1236188,Pass
1236189,Pass
1236193,Pass
1236196,Pass
1236198,Pass
1236201,Pass
1236202,Fail
1236204,Pass
1236205,Pass
1236208,Pass
1236209,Pass
1236210,Pass
1236212,Fail
1236213,Fail
1236215,Fail
1236219,Pass
1236220,Fail
1236221,Pass
1236222,Pass
1236223,Fail
1236224,Fail
1236225,Fail
1236226,Pass
1236227,Pass
1236229,Fail
1236230,Fail
1236234,Pass
1236235,Fail
1236236,Pass
1236244,Fail
1236245,Pass
1236246,Pass
1236247,Pass
1236249,Fail
1236251,Fail
1236252,Fail
1286351,Fail
1286352,Pass
1286353,Fail
1286354,Pass
1286355,Fail
1286356,Pass
1286357,Pass
1286358,Fail
1286359,Pass
1286360,Pass
1286363,Fail
1286364,Fail
1286365,Fail
1286366,Pass
1286368,Pass
1286369,Pass
1286371,Pass
1286372,Fail
1286373,Fail
1286377,Pass
1286378,Pass
1286379,Pass
1286381,Pass
1286382,Pass
1286383,Pass
1286387,Pass
1286389,Pass
1296746,Fail
1296750,Pass
1296752,Pass
1296754,Pass
1296757,Pass
1296758,Fail
1296759,Fail
1296760,Pass
1296762,Pass
1296765,Fail
1296768,Fail
1296772,Pass
1296773,Pass
1296774,Pass
1296776,Fail
1296777,Pass
1296784,Pass
1296789,Pass
1296790,Pass
1296791,Pass
1296794,Fail
1296798,Fail
1296799,Pass
1296800,Fail
1296801,Fail
1296804,Fail
1296807,Fail
1296808,Fail
1296809,Pass
1296811,Fail
1296812,Fail
1296813,Fail
1296814,Pass
1296816,Fail
1296817,Pass
1296820,Fail
1296821,Fail
1296822,Fail
1296823,Fail
1296824,Pass
1296831,Fail
1296832,Fail
1296833,Fail
1296834,Fail
1296959,Fail
1296960,Fail
1296962,Pass
1305492,Pass
1305493,Pass
1305497,Pass
1305499,Fail
1305500,Pass
1305505,Fail
1305506,Pass
1305507,Pass
1305508,Fail
1305509,Pass
1305510,Fail
1305511,Fail
1305513,Fail
1305514,Fail
1305516,Fail
1305519,Fail
1305522,Fail
1305524,Fail
1305526,Fail
1305530,Fail
1305532,Fail
1305533,Fail
1305539,Fail
1305540,Fail
1305541,Pass
1307256,Fail
1307260,Fail
1307261,Pass
1307263,Pass
1307265,Fail
1307267,Fail
1307268,Pass
1307269,Fail
1307271,Fail
1307274,Pass
1307276,Fail
1307283,Fail
1307287,Pass
1307288,Fail
1307292,Fail
1307294,Pass
1307299,Pass
1307304,Pass
1307306,Pass
1307307,Pass
1307308,Fail
1307310,Fail
1307311,Fail
1307312,Fail
1307313,Pass
1307314,Pass
1307319,Pass
1307321,Fail
1307332,Pass
1307333,Fail
1307340,Fail
1307342,Pass
1307346,Pass
1307348,Pass
1307349,Pass
1307350,Fail
1307354,Pass
1307359,Fail
1307362,Pass
1307363,Pass
1307364,Fail
1307366,Pass
1307368,Fail
1307369,Pass
1307374,Fail
1307378,Pass
1307379,Pass
1307386,Pass
1307392,Fail
1307621,Fail
1307624,Fail
1307649,Pass
1307650,Pass
1307651,Pass
1307653,Fail
1307654,Pass
1307656,Pass
1307657,Pass
1307660,Pass
1307663,Pass
1307664,Pass
1307665,Pass
1307667,Pass
1307670,Pass
1307675,Fail
1307682,Pass
1307683,Fail
1307686,Pass
1307689,Fail
1307690,Fail
1307697,Fail
1307698,Pass
1307702,Fail
1307704,Pass
1307705,Fail
1307708,Pass
1307714,Pass
1307717,Pass
1307720,Fail
1307730,Fail
1324847,Pass
1324849,Pass
1324851,Pass
1324852,Pass
1324853,Pass
1324854,Pass
1324855,Pass
1324856,Pass
1324857,Pass
1324858,Pass
1324859,Fail
1324860,Fail
1324861,Pass
1324862,Pass
1324863,Pass
1324865,Pass
1324866,Pass
1324867,Pass
1324868,Pass
1324869,Pass
1324872,Pass
1324873,Pass
1324875,Pass
1324876,Pass
1324877,Pass
1324878,Pass
1324879,Fail
1324882,Pass
1324884,Pass
1324885,Fail
1324888,Fail
1324889,Pass
1324892,Fail
1324893,Pass
1324894,Pass
1324896,Pass
1324897,Pass
1324898,Pass
1324900,Pass
1324901,Fail
1324902,Pass
1324903,Pass
1324904,Pass
1324905,Pass
1324907,Pass
1324908,Pass
1324910,Pass
1324911,Pass
1324912,Fail
1324913,Fail
1324916,Pass
1324917,Fail
1324919,Pass
1324924,Pass
1324925,Fail
1324927,Pass
1324928,Pass
1324930,Pass
1324932,Pass
1324933,Pass
1324934,Pass
1324936,Pass
1324939,Pass
1324940,Fail
1324942,Pass
1324943,Pass
1324945,Pass
1324946,Pass
1324948,Pass
1324950,Pass
1324953,Pass
1324954,Pass
1324955,Pass
1324956,Pass
1324960,Pass
1324963,Pass
1324968,Pass
1324969,Fail
1324970,Fail
1324972,Pass
1324973,Pass
1324975,Pass
1324976,Pass
1324977,Pass
1324979,Pass
1324980,Pass
1324981,Pass
1324983,Pass
1324984,Pass
1325173,Fail
1325174,Pass
1325175,Fail
1325176,Pass
1325177,Pass
1325178,Pass
1325181,Pass
1325184,Pass
1325185,Pass
1325186,Pass
1325187,Pass
1325188,Pass
1325189,Pass
1325191,Pass
1325194,Pass
1325199,Pass
1325203,Pass
1325212,Pass
1325213,Pass
1325214,Pass
1325216,Fail
1325217,Pass
1325219,Pass
1325222,Fail
1325224,Pass
1325226,Pass
1325230,Pass
1325231,Pass
1325232,Pass
1325233,Pass
1325234,Pass
1325235,Pass
1325238,Pass
1325247,Pass
1325249,Pass
1325250,Fail
1325251,Pass
1325254,Fail
1325258,Pass
1325259,Pass
1325261,Pass
1325265,Pass
1325266,Pass
1325272,Pass
1325273,Pass
1325276,Pass
1325278,Pass
1325280,Pass
1325283,Fail
1325288,Pass
1329663,Pass
1329666,Fail
1329669,Pass
1329671,Pass
1329673,Pass
1329674,Fail
1329675,Pass
1329676,Pass
1329677,Pass
1329679,Pass
1329680,Fail
1329681,Pass
1329682,Pass
1329683,Pass
1329685,Fail
1329688,Pass
1329689,Fail
1329690,Pass
1329696,Pass
1329697,Pass
1329698,Pass
1329699,Pass
1329700,Pass
1329701,Fail
1329702,Pass
1329703,Pass
1329706,Pass
1329707,Pass
1329708,Pass
1329709,Pass
1329712,Pass
1329713,Pass
1329714,Fail
1329715,Fail
1329717,Pass
1329718,Pass
1329719,Fail
1329720,Pass
1329721,Fail
1329722,Pass
1329723,Pass
1329724,Pass
1329725,Pass
1329728,Pass
1329729,Pass
1329733,Pass
1329734,Fail
1329735,Pass
1329737,Pass
1329738,Pass
1329739,Pass
1329740,Pass
1329741,Pass
1329742,Pass
1329744,Pass
1329745,Pass
1329747,Fail
1329751,Pass
1329753,Pass
1329754,Fail
1329755,Pass
1329757,Pass
1329758,Fail
1329759,Pass
1329760,Fail
1329761,Fail
1329762,Pass
1329763,Pass
1329764,Fail
1343598,Pass
1343599,Pass
1343600,Fail
1343601,Pass
1343602,Pass
1343603,Fail
1343605,Pass
1343606,Pass
1343607,Pass
1343609,Pass
1343610,Fail
1345772,Fail
1345773,Pass
1345774,Fail
1345775,Pass
1345776,Pass
1345777,Pass
1345778,Pass
1345780,Pass
1345783,Pass
1345784,Pass
1345786,Fail
1345788,Fail
1345790,Pass
1345791,Fail
1345792,Pass
1345793,Pass
1345794,Pass
1345795,Pass
1345796,Pass
1345797,Pass
1345802,Pass
1345805,Pass
1345806,Pass
1345807,Pass
1345808,Pass
1345809,Pass
1345811,Pass
1345812,Pass
1345813,Pass
1345814,Pass
1345816,Pass
1345818,Fail
1345819,Pass
1345820,Pass
1345821,Fail
1345822,Fail
1345823,Pass
1345824,Pass
1345825,Pass
1345828,Fail
1345829,Fail
1345830,Pass
1345831,Pass
1345834,Pass
1345837,Pass
1345839,Pass
1345840,Pass
1345841,Pass
1345842,Pass
1345843,Fail
1345844,Pass
1345845,Pass
1345847,Pass
1345849,Fail
1345851,Pass
1345852,Pass
1345854,Pass
1345855,Pass
1345856,Pass
1345858,Pass
1345859,Pass
1345860,Pass
1345861,Fail
1345862,Fail
1345864,Fail
1345868,Pass
1345869,Pass
1345870,Fail
1345872,Pass
1345873,Fail
1345874,Pass
1345875,Pass
1345876,Pass
1345879,Pass
1345881,Pass
1345882,Pass
1345883,Pass
1345884,Pass
1345885,Pass
1345888,Fail
1345889,Pass
1345890,Pass
1345891,Pass
1345892,Pass
1345893,Fail
1345894,Fail
1345895,Fail
1345896,Pass
1345898,Pass
1345899,Pass
1345900,Pass
1345901,Pass
1345902,Pass
1345903,Pass
1345904,Pass
1345905,Pass
1345906,Pass
1345907,Pass
1345908,Pass
1358236,Pass
1358237,Pass
1358241,Pass
1358242,Pass
1358243,Pass
1363207,Pass
1363209,Pass
1363211,Pass
1363212,Pass
1363214,Pass
1363216,Pass
1363217,Pass
1363218,Pass
1363220,Pass
1363222,Pass
1363223,Pass
1363224,Pass
1363225,Fail
1363230,Fail
1363231,Pass
1367469,Fail
1367470,Pass
1372340,Pass
1372341,Fail
1372342,Pass
1372343,Pass
1372344,Pass
1372345,Pass
1372346,Fail
1372347,Pass
1372348,Pass
1372349,Pass
1372350,Pass
1372351,Pass
1372352,Pass
1372355,Pass
1372356,Pass
1372358,Pass
1372362,Pass
1372363,Pass
1372364,Pass
1372365,Pass
1372366,Pass
1372368,Pass
1372369,Pass
1372370,Pass
1372371,Pass
1372374,Pass
1372375,Pass
1372376,Fail
1372377,Fail
1372378,Fail
1372379,Pass
1372380,Pass
1372381,Pass
1372382,Fail
1372384,Pass
1372385,Pass
1372386,Pass
1372387,Pass
1372388,Fail
1372389,Pass
1372390,Pass
1372391,Pass
1372392,Fail
1372393,Pass
1372394,Pass
1372395,Pass
1372396,Pass
1372398,Pass
1372399,Fail
1372401,Pass
1372403,Pass
1372404,Pass
1372405,Pass
1372406,Pass
1372407,Pass
1372408,Pass
1372409,Pass
1372414,Pass
1372415,Fail
1372417,Pass
1372418,Pass
1372419,Pass
1372420,Pass
1372421,Pass
1372422,Pass
1372426,Pass
1372428,Fail
1372429,Pass
1372430,Pass
1372431,Pass
1372432,Pass
1372433,Pass
1372434,Pass
1372435,Pass
1372436,Pass
1372437,Pass
1372441,Pass
1372442,Pass
1372443,Pass
1372446,Fail
1372447,Fail
1372448,Pass
1372449,Pass
1372450,Pass
1372452,Pass
1372453,Pass
1372454,Pass
1372455,Pass
1372468,Pass
1372469,Pass
1372470,Pass
1372473,Pass
1372476,Fail
1372477,Pass
1372478,Pass
1372479,Pass
1372481,Pass
1372648,Fail
1372649,Fail
1372650,Pass
1372651,Pass
1372652,Pass
1372663,Pass
1372665,Pass
1372668,Pass
1372669,Pass
1372673,Pass
1372676,Pass
1372677,Pass
1372680,Pass
1372681,Pass
1372682,Pass
1372684,Pass
1372685,Pass
1372686,Pass
1372687,Pass
1372689,Pass
1372690,Pass
1372691,Pass
1372692,Pass
1372694,Pass
1372695,Pass
1372697,Pass
1372698,Pass
1372699,Pass
1372700,Pass
1372702,Pass
1383354,Pass
1383355,Fail
1383356,Pass
1383357,Pass
1383361,Pass
1383362,Fail
1383363,Pass
1383364,Pass
1383366,Pass
1383368,Pass
1383371,Fail
1383372,Fail
1383373,Pass
1383374,Pass
1383375,Pass
1383377,Pass
1383378,Fail
1383379,Pass
1383380,Fail
1383381,Pass
1383382,Pass
1383383,Fail
1383386,Pass
1383393,Pass
1383397,Fail
1383401,Pass
1383408,Pass
1383409,Pass
1383410,Pass
1383413,Fail
1383414,Pass
1383417,Pass
1383422,Pass
1383426,Pass
1383428,Pass
1383429,Pass
1383430,Fail
1383431,Pass
1383432,Fail
1383433,Pass
1383437,Pass
1383439,Fail
1383440,Pass
1383442,Pass
1383447,Pass
1383449,Pass
1385211,Pass
1385212,Pass
1385213,Pass
1385214,Fail
1385215,Pass
1385216,Pass
1385217,Pass
1385219,Pass
1385221,Pass
1385222,Fail
1385226,Fail
1385229,Fail
1385231,Pass
1385232,Pass
1385233,Pass
1385236,Pass
1385237,Pass
1385243,Fail
1385245,Pass
1385247,Fail
1385251,Pass
1385252,Fail
1385587,Fail
1385588,Pass
1385589,Pass
1385592,Pass
1385594,Pass
1385599,Fail
1385603,Pass
1385604,Fail
1385611,Fail
1385620,Pass
1385622,Fail
1385632,Pass
1385634,Pass
1385640,Pass
1385641,Pass
1385643,Pass
1385644,Pass
1385645,Pass
1385650,Pass
1385651,Pass
1385652,Fail
1385659,Pass
1385662,Pass
1385663,Pass
1385664,Pass
1385666,Pass
1385680,Fail
1385705,Pass
1385707,Pass
1385716,Pass
1385719,Pass
1385720,Pass
1385731,Pass
1385732,Fail
1385739,Pass
1387311,Pass
1387312,Pass
1387316,Pass
1387317,Pass
1387320,Pass
1387323,Pass
1387329,Fail
1387338,Pass
1387341,Pass
1387342,Pass
1387343,Pass
1387345,Pass
1387346,Fail
1387349,Pass
1387353,Pass
1387355,Pass
1387356,Pass
1387358,Pass
1387359,Pass
1387360,Pass
1387361,Pass
1387364,Pass
1387371,Pass
1387374,Pass
1387376,Pass
1387378,Pass
1387380,Pass
1387383,Pass
1387387,Fail
1387392,Pass
1387398,Pass
1387400,Pass
1387413,Pass
1387416,Pass
1387421,Pass
1387423,Fail
1387424,Pass
1387426,Fail
1387427,Fail
1387428,Pass
1387429,Pass
1387430,Pass
1387435,Pass
1387437,Pass
1387441,Pass
1387639,Pass
1387640,Pass
1387641,Fail
1387656,Fail
1387657,Fail
1387658,Fail
1387659,Pass
1387660,Pass
1387666,Pass
1387667,Pass
1387670,Pass
1387673,Pass
1387674,Pass
1387675,Pass
1387683,Pass
1387686,Pass
1387687,Pass
1387690,Pass
1387691,Pass
1387712,Pass
1387713,Pass
1387715,Pass
1387716,Pass
1387717,Pass
1387718,Pass
1387719,Pass
1387721,Pass
1389306,Pass
1389307,Pass
1389310,Pass
1389312,Pass
1389313,Pass
1389314,Fail
1389315,Pass
1389316,Pass
1389317,Pass
1389322,Pass
1389325,Pass
1389326,Pass
1389327,Pass
1389328,Pass
1389330,Pass
1389331,Pass
1389332,Pass
1389333,Pass
1389336,Pass
1389337,Pass
1389340,Pass
1389341,Pass
1389343,Pass
1389347,Pass
1389349,Fail
1389350,Pass
1389351,Pass
1389352,Fail
1389355,Pass
1389357,Pass
1389359,Pass
1389360,Pass
1389361,Pass
1389364,Pass
1389367,Fail
1389369,Pass
1389371,Pass
1389372,Fail
1389373,Pass
1389374,Pass
1389375,Pass
1389376,Pass
1389377,Pass
1389378,Pass
1389379,Pass
1389380,Pass
1389381,Pass
1389384,Pass
1389386,Pass
1389387,Pass
1389388,Pass
1389390,Pass
1389392,Pass
1389393,Fail
1389395,Pass
1389396,Pass
1389398,Pass
1389402,Pass
1389406,Pass
1389411,Pass
1391364,Pass
1391365,Pass
1391366,Pass
1391367,Pass
1391371,Pass
1391372,Pass
1391373,Pass
1391374,Pass
1391375,Pass
1391376,Pass
1391377,Pass
1391378,Pass
1391380,Pass
1391381,Pass
1391382,Pass
1391383,Pass
1391386,Pass
1391388,Pass
1391390,Pass
1391391,Pass
1391392,Pass
1391393,Pass
1391394,Pass
1391395,Pass
1391396,Fail
1391397,Pass
1391402,Pass
1391406,Pass
1391409,Pass
1391410,Pass
1391411,Pass
1391412,Pass
1391413,Pass
1391419,Pass
1391422,Pass
1391426,Pass
1391429,Pass
1391432,Pass
1391433,Pass
1391435,Pass
1391436,Pass
1391437,Pass
1391438,Fail
1391439,Pass
1391443,Pass
1391445,Pass
1391450,Pass
1391451,Fail
1391452,Fail
1391453,Fail
1391455,Pass
1391456,Pass
1391459,Pass
1391460,Pass
1391464,Pass
1391466,Pass
1391468,Fail
1391469,Fail
1391471,Pass
1391473,Fail
1391474,Pass
1391475,Fail
1391476,Fail
1391477,Pass
1391478,Pass
1391479,Pass
1391481,Fail
1391482,Fail
1391483,Pass
1391484,Pass
1393260,Fail
1393262,Fail
1393264,Pass
1393265,Pass
1393268,Pass
1393273,Fail
1393274,Pass
1393275,Pass
1393279,Pass
1393281,Pass
1393283,Pass
1393285,Pass
1393286,Pass
1393287,Fail
1393290,Fail
1393291,Pass
1393292,Fail
1393294,Pass
1393295,Fail
1393301,Pass
1393306,Fail
1393307,Pass
1393308,Fail
1393315,Fail
1393318,Pass
1393321,Fail
1393323,Pass
1393324,Pass
1395232,Pass
1395233,Fail
1395236,Pass
1395239,Pass
1395240,Pass
1395242,Pass
1395243,Pass
1395246,Fail
1395248,Fail
1395254,Pass
1395255,Fail
1395256,Fail
1395260,Pass
1395263,Pass
1395266,Pass
1395267,Pass
1395269,Pass
1395276,Pass
1395279,Pass
1395284,Pass
1395285,Pass
1395286,Pass
1395288,Pass
1395292,Pass
1395294,Pass
1395295,Pass
1395298,Pass
1395302,Pass
1395307,Fail
1395310,Pass
1395311,Pass
1395315,Fail
1395319,Pass
1395320,Pass
1395322,Fail
1395323,Pass
1395328,Fail
1395330,Fail
1395331,Fail
1395332,Fail
1395334,Pass
1395335,Pass
1395337,Pass
1395338,Fail
1395339,Fail
1395344,Pass
1395348,Fail
1395353,Fail
1395358,Fail
1395362,Fail
1395366,Pass
1395367,Pass
1395369,Fail
1395370,Pass
1395371,Fail
1395374,Fail
1395376,Pass
1395377,Pass
1395378,Fail
1395380,Pass
1395381,Pass
1395382,Fail
1395383,Fail
1395389,Pass
1395390,Fail
1395391,Fail
1395392,Fail
1395396,Fail
1395398,Fail
1395404,Fail
1395408,Pass
1395410,Pass
1395411,Fail
1395412,Pass
1395415,Pass
1395419,Fail
1395421,Fail
1395422,Pass
1395423,Pass
1395426,Fail
1395430,Pass
1395431,Fail
1395432,Fail
1395438,Fail
1395440,Fail
1395444,Pass
1395448,Pass
1395451,Fail
1395452,Fail
1395456,Pass
1395458,Fail
1395459,Pass
1395461,Pass
1395463,Pass
1395464,Pass
1395466,Fail
1395468,Fail
1395471,Fail
1395472,Fail
1395473,Fail
1395475,Pass
1395478,Fail
1395479,Pass
1395481,Pass
1395482,Pass
1395484,Fail
1395486,Pass
1395487,Fail
1395489,Pass
1395490,Pass
1395491,Pass
1395494,Fail
1395495,Pass
1395502,Pass
1395503,Fail
1395519,Fail
1395527,Fail
1395529,Pass
1395532,Pass
1395536,Pass
1395537,Pass
1395538,Pass
1395540,Pass
1395541,Pass
1395543,Pass
1395547,Fail
1395548,Pass
1395550,Pass
1395551,Pass
1395552,Pass
1395557,Pass
1395558,Pass
1395559,Pass
1395561,Fail
1395563,Pass
1395565,Pass
1395567,Pass
1395569,Pass
1395570,Pass
1395572,Pass
1395575,Fail
1395581,Fail
1395584,Fail
1395591,Pass
1395592,Pass
1395596,Pass
1395600,Pass
1395606,Pass
1395609,Pass
1395615,Pass
1395616,Pass
1395617,Pass
1395619,Pass
1395622,Pass
1395625,Pass
1395627,Pass
1395632,Pass
1395635,Pass
1395636,Pass
1395638,Pass
1395642,Pass
1395644,Pass
1395650,Pass
1395651,Pass
1395653,Pass
1395655,Pass
1395656,Pass
1395657,Pass
1395665,Pass
1395666,Pass
1395670,Pass
1395676,Pass
1395677,Pass
1395680,Pass
1395684,Pass
1395685,Pass
1395686,Pass
1395689,Pass
1395690,Pass
1395691,Fail
1395694,Pass
1395697,Pass
1395698,Pass
1395699,Pass
1395700,Pass
1395701,Pass
1395702,Pass
1395704,Pass
1395705,Pass
1395706,Pass
1395707,Pass
1395708,Pass
1395710,Pass
1395712,Pass
1395714,Pass
1395716,Pass
1395717,Pass
1395718,Pass
1395719,Pass
1395721,Fail
1395722,Pass
1395724,Pass
1395725,Pass
1395727,Pass
1395728,Pass
1395729,Pass
1395732,Pass
1395733,Pass
1395734,Fail
1395735,Pass
1395736,Pass
1395737,Pass
1395738,Pass
1395739,Pass
1395740,Pass
1395743,Pass
1395746,Fail
1395747,Pass
1395750,Pass
1395751,Pass
1395752,Pass
1395753,Pass
1395755,Pass
1395757,Pass
1395758,Pass
1395760,Pass
1395761,Pass
1395762,Fail
1395766,Pass
1395767,Pass
1395770,Pass
1395773,Pass
1395774,Pass
1395782,Pass
1395789,Pass
1395793,Fail
1395796,Pass
1395799,Pass
1395809,Pass
1395810,Pass
1395811,Pass
1395813,Pass
1395814,Pass
1395816,Fail
1395817,Pass
1395820,Pass
1395826,Pass
1395827,Fail
1395828,Pass
1395830,Pass
1395833,Pass
1395836,Pass
1395845,Pass
1395846,Fail
1395851,Pass
1395855,Pass
1395856,Pass
1395857,Pass
1395858,Pass
1395860,Pass
1395861,Pass
1395862,Pass
1395863,Pass
1395864,Pass
1395865,Pass
1395867,Pass
1395868,Pass
1395871,Pass
1395873,Pass
1395877,Pass
1395878,Pass
1395879,Pass
1395884,Pass
1395885,Pass
1395887,Pass
1395894,Pass
1395896,Pass
1395897,Pass
1395899,Pass
1395900,Pass
1395902,Pass
1395904,Pass
1395905,Fail
1395906,Pass
1395908,Fail
1395909,Pass
1395913,Pass
1395915,Pass
1395916,Pass
1395917,Pass
1395920,Pass
1395922,Pass
1395924,Pass
1395925,Fail
1395927,Pass
1395931,Pass
1395932,Pass
1395936,Pass
1395937,Fail
1395939,Fail
1395942,Pass
1395943,Pass
1395944,Fail
1395945,Pass
1395947,Pass
1395950,Fail
1395951,Pass
1395952,Pass
1395958,Pass
1395962,Fail
1395963,Pass
1395965,Pass
1395968,Fail
1395969,Fail
1395970,Fail
1395974,Pass
1395976,Fail
1395978,Pass
1395979,Fail
1395980,Pass
1395983,Fail
1395988,Pass
1395991,Pass
1395994,Pass
1395995,Fail
1395998,Fail
1396003,Fail
1396004,Fail
1396008,Pass
1396012,Pass
1396015,Pass
1396016,Pass
1396017,Pass
1396020,Pass
1396021,Pass
1396022,Pass
1396027,Pass
1396028,Pass
1396030,Pass
1396035,Pass
1396042,Pass
1396045,Pass
1396047,Fail
1396048,Fail
1396051,Pass
1396053,Fail
1396055,Pass
1396059,Pass
1396065,Pass
1396067,Pass
1396068,Fail
1396069,Pass
1396080,Pass
1396081,Pass
1396084,Pass
1396085,Fail
1396088,Fail
1396093,Fail
1396098,Pass
1396101,Pass
1396102,Pass
1396104,Pass
1396106,Fail
1396120,Pass
1396121,Pass
1396122,Pass
1396123,Pass
1396126,Pass
1396127,Pass
1396128,Pass
1396130,Pass
1396132,Pass
1396134,Pass
1396138,Pass
1396139,Fail
1396141,Pass
1396142,Fail
1396143,Pass
1396148,Pass
1396155,Fail
1396157,Pass
1396161,Pass
1396163,Fail
1396168,Pass
1396169,Pass
1396170,Pass
1396174,Fail
1396178,Pass
1396179,Pass
1396181,Pass
1396186,Pass
1396187,Pass
1396195,Fail
1396197,Fail
1396198,Pass
1396199,Pass
1396204,Pass
1399207,Pass
1399208,Pass
1399210,Pass
1399212,Pass
1399216,Pass
1399217,Pass
1399218,Pass
1399219,Pass
1399220,Pass
1399221,Pass
1399222,Pass
1399230,Pass
1399232,Pass
1399235,Pass
1399236,Pass
1399237,Pass
1399238,Pass
1399239,Pass
1399240,Pass
1399241,Pass
1399242,Pass
1399243,Pass
1399244,Pass
1399245,Pass
1399250,Pass
1399251,Fail
1399252,Pass
1399253,Pass
1399254,Pass
1399255,Pass
1399259,Pass
1399260,Pass
1399268,Pass
1399269,Pass
1399270,Pass
1399271,Pass
1399273,Pass
1399274,Fail
1399276,Fail
1399277,Fail
1399278,Fail
1399279,Fail
1399281,Pass
1399283,Pass
1399285,Pass
1399286,Pass
1399287,Pass
1399288,Pass
1399290,Pass
1399291,Pass
1399293,Pass
1399296,Pass
1399302,Pass
1399303,Pass
1399305,Fail
1399306,Fail
1399307,Pass
1399308,Fail
1399311,Fail
1399312,Pass
1399315,Pass
1399316,Fail
1399317,Pass
1399319,Fail
1399321,Pass
1399328,Pass
1399331,Pass
1399334,Pass
1399335,Pass
1401212,Pass
1401214,Pass
1401216,Pass
1401218,Pass
1401220,Pass
1401223,Pass
1401227,Fail
1401234,Fail
1401236,Fail
1401239,Pass
1401240,Pass
1401241,Fail
1401242,Fail
1401243,Fail
1401244,Fail
1401251,Pass
1401252,Pass
1401257,Pass
1401259,Pass
1401262,Fail
1401265,Pass
1401267,Fail
1401268,Fail
1401272,Pass
1401273,Fail
1401274,Fail
1401277,Pass
1401279,Pass
1401280,Pass
1401282,Pass
1401284,Fail
1401289,Fail
1401290,Pass
1401291,Pass
1401292,Pass
1401295,Pass
1401297,Fail
1401303,Fail
1401306,Pass
1401309,Fail
1401310,Pass
1401311,Pass
1401319,Pass
1401324,Fail
1401325,Pass
1401327,Fail
1401328,Pass
1401332,Pass
1401336,Pass
1401337,Pass
1401340,Fail
1401341,Pass
1401342,Pass
1401345,Fail
1401349,Pass
1401350,Pass
1401351,Pass
1401353,Pass
1401355,Pass
1401356,Fail
1401359,Pass
1401361,Fail
1401365,Pass
1401366,Pass
1401369,Pass
1401370,Pass
1401372,Pass
1401374,Pass
1401377,Pass
1401378,Pass
1401379,Pass
1401383,Pass
1401384,Pass
1401385,Pass
1401386,Pass
1401390,Fail
1401393,Pass
1401394,Pass
1401397,Fail
1401398,Pass
1401404,Pass
1401405,Fail
1401406,Pass
1401408,Pass
1401410,Pass
1401411,Pass
1401414,Fail
1401415,Pass
1401419,Pass
1401420,Pass
1401421,Fail
1401422,Pass
1401425,Pass
1401426,Fail
1401427,Pass
1401430,Pass
1401431,Fail
1401435,Pass
1401436,Fail
1401437,Fail
1401440,Pass
1401441,Pass
1401442,Fail
1401445,Pass
1401446,Pass
1401448,Pass
1401451,Pass
1401452,Pass
1401453,Pass
1401455,Pass
1401456,Pass
1401457,Pass
1401458,Pass
1401459,Pass
1401462,Fail
1401463,Pass
1401465,Pass
1401466,Fail
1401469,Fail
1401471,Fail
1401474,Pass
1401475,Fail
1401478,Pass
1401480,Fail
1401485,Pass
1401493,Pass
1401496,Pass
1401499,Pass
1401502,Pass
1401503,Fail
1401504,Pass
1401505,Pass
1401506,Pass
1401509,Fail
1401510,Pass
1401512,Pass
1401514,Pass
1401519,Pass
1401520,Fail
1401521,Pass
1401522,Fail
1401524,Fail
1401525,Pass
1401526,Pass
1401527,Pass
1401528,Pass
1401531,Fail
1401534,Pass
1401539,Fail
1401540,Fail
1401542,Fail
1401543,Pass
1401550,Fail
1401555,Pass
1401560,Pass
1401562,Fail
1401566,Fail
1401567,Pass
1401568,Pass
1401575,Pass
1401576,Pass
1401577,Pass
1401578,Pass
1401580,Pass
1401583,Fail
1401586,Pass
1401588,Pass
1401589,Pass
1401590,Pass
1401591,Fail
1401593,Pass
1401594,Pass
1401596,Pass
1401597,Pass
1401598,Pass
1401599,Pass
1401600,Pass
1401603,Pass
1401604,Pass
1401605,Pass
1401606,Pass
1401609,Pass
1401610,Pass
1401611,Pass
1401613,Pass
1401614,Pass
1401616,Pass
1401617,Fail
1401618,Pass
1401620,Fail
1401621,Pass
1401623,Pass
1401624,Fail
1401625,Fail
1401628,Pass
1401629,Pass
1401632,Fail
1401633,Pass
1401635,Pass
1401638,Pass
1401649,Pass
1401655,Pass
1401656,Fail
1401660,Fail
1401661,Pass
1401665,Pass
1401666,Pass
1401667,Pass
1401673,Pass
1401676,Pass
1401677,Pass
1401678,Pass
1401683,Pass
1401685,Pass
1401687,Fail
1401690,Fail
1401698,Fail
1401703,Pass
1401704,Pass
1401705,Pass
1401708,Pass
1401709,Pass
1401712,Fail
1401713,Pass
1401714,Pass
1401717,Pass
1401719,Pass
1401721,Pass
1401722,Pass
1401723,Fail
1401725,Fail
1401726,Fail
1401730,Pass
1401732,Fail
1401733,Pass
1401734,Fail
1401738,Fail
1401739,Pass
1401749,Pass
1401750,Pass
1401751,Fail
1401752,Pass
1401753,Fail
1401754,Fail
1401756,Fail
1401759,Pass
1401761,Pass
1401763,Fail
1401764,Pass
1401765,Pass
1401766,Pass
1401767,Fail
1401768,Pass
1401770,Fail
1401771,Pass
1401772,Pass
1401773,Pass
1401775,Pass
1401776,Pass
1401777,Fail
1401778,Fail
1401779,Pass
1401781,Pass
1401784,Pass
1401786,Pass
1401789,Pass
1401792,Pass
1401793,Fail
1401794,Fail
1401795,Fail
1401796,Pass
1401799,Fail
1401801,Fail
1401803,Pass
1401808,Fail
1401809,Pass
1401811,Pass
1401813,Pass
1401814,Fail
1401816,Pass
1401817,Pass
1401818,Fail
1401822,Fail
1401824,Fail
1401827,Pass
1401829,Fail
1401830,Pass
1401831,Pass
1401833,Pass
1401837,Pass
1401839,Pass
1401841,Pass
1401844,Pass
1401847,Fail
1401850,Pass
1401851,Fail
1401859,Pass
1401861,Fail
1401863,Fail
1401866,Fail
1401872,Pass
1401873,Pass
1401875,Fail
1401879,Fail
1401881,Fail
1401882,Pass
1401884,Pass
1401886,Pass
1401887,Pass
1401890,Fail
1401891,Pass
1401892,Pass
1401896,Pass
1401901,Pass
1401902,Pass
1401904,Pass
1401910,Fail
1401912,Fail
1401914,Fail
1401921,Pass
1401925,Pass
1401929,Pass
1401931,Pass
1401933,Fail
1401937,Pass
1401938,Pass
1401940,Pass
1401951,Pass
1401952,Pass
1401953,Pass
1401955,Pass
1401957,Pass
1401960,Pass
1401962,Fail
1401965,Pass
1401967,Pass
1401970,Fail
1401972,Pass
1401978,Pass
1401979,Fail
1401982,Pass
1401985,Fail
1401986,Pass
1401990,Fail
1401992,Pass
1401993,Fail
1401995,Pass
1401998,Pass
1402000,Pass
1402001,Pass
1402002,Pass
1402006,Fail
1402007,Fail
1402013,Pass
1402014,Pass
1402015,Pass
1402016,Pass
1402019,Pass
1402021,Pass
1402023,Fail
1402026,Pass
1402027,Fail
1402029,Pass
1402033,Fail
1402034,Pass
1402036,Pass
1402037,Pass
1402041,Fail
1402042,Pass
1402043,Pass
1402046,Fail
1402053,Pass
1402054,Pass
1402057,Pass
1402058,Pass
1402068,Fail
1402069,Fail
1402074,Pass
1402075,Pass
1402076,Pass
1402077,Fail
1402080,Pass
1402082,Pass
1402085,Pass
1402087,Pass
1402088,Fail
1402090,Pass
1402091,Pass
1402093,Pass
1402098,Pass
1402099,Pass
1402101,Pass
1402102,Pass
1402104,Pass
1402105,Pass
1402106,Pass
1402107,Pass
1402110,Pass
1402111,Pass
1402116,Fail
1402118,Pass
1402126,Fail
1402128,Fail
1402130,Fail
1402131,Pass
1402132,Pass
1402133,Pass
1402138,Pass
1402140,Pass
1402141,Pass
1402142,Pass
1402146,Pass
1402147,Pass
1402148,Pass
1402151,Fail
1402158,Pass
1402161,Fail
1402168,Pass
1402171,Pass
1402172,Fail
1402173,Pass
1402174,Pass
1402175,Pass
1402177,Fail
1402179,Pass
1402180,Pass
1402181,Pass
1402185,Pass
1402188,Pass
1402191,Pass
1402193,Pass
1402194,Pass
1402197,Pass
1402199,Pass
1406206,Pass
1406207,Fail
1406208,Pass
1406209,Pass
1406210,Fail
1406211,Pass
1406212,Pass
1408206,Fail
1408207,Pass
1408208,Pass
1408209,Pass
1408210,Pass
1408211,Pass
1408213,Pass
1408214,Fail
1408215,Pass
1408218,Fail
1408219,Pass
1408220,Pass
1408221,Fail
1408223,Fail
1408254,Pass
1408257,Fail
1408265,Pass
1408266,Pass
1408267,Pass
1408268,Fail
1408269,Pass
1410206,Fail
1410207,Pass
1410208,Pass
1410210,Pass
1410211,Pass
1410221,Pass
1410222,Pass
1410223,Pass
1410224,Fail
1410225,Fail
1410226,Pass
1410227,Pass
1410228,Pass
1410229,Pass
1410230,Pass
1412206,Pass
1412217,Fail
1418206,Pass
1418207,Fail
1418208,Pass
1418209,Pass
1418210,Pass
1418211,Fail
1418212,Pass
1418213,Pass
1418214,Pass
1418216,Pass
1418217,Fail
1418218,Pass
1418219,Pass
1418220,Fail
1418221,Pass
1418222,Fail
1418224,Pass
1418225,Pass
1418226,Pass
1418227,Pass
1418228,Fail
1418229,Pass
1418230,Pass
1418231,Pass
1418232,Fail
1418233,Fail
1418236,Pass
1418238,Pass
1418239,Fail
1418481,Pass
1418482,Fail
1418483,Pass
1418484,Fail
1418485,Fail
1418487,Fail
1418488,Fail
1418491,Fail
1418492,Pass
1418495,Fail
1418496,Pass
1418497,Pass
1418499,Fail
1418501,Fail
1418502,Fail
1418504,Pass
1418505,Pass
1418508,Fail
1418509,Fail
1418512,Pass
1418513,Fail
1418514,Pass
1418515,Fail
1418517,Fail
1418518,Pass
1418520,Fail
1418521,Pass
1418523,Pass
1418524,Fail
1418525,Pass
1418526,Fail
1418527,Fail
1418528,Pass
1418529,Fail
1418530,Fail
1418532,Fail
1418533,Pass
1418534,Fail
1418535,Fail
1418536,Pass
1418537,Fail
1418538,Pass
1418540,Pass
1418541,Fail
1418542,Pass
1418544,Pass
1418545,Pass
1418546,Fail
1418549,Pass
1418551,Pass
1418553,Pass
1418554,Pass
1418555,Pass
1418556,Pass
1418557,Pass
1418562,Pass
1418564,Fail
1418566,Pass
1418567,Pass
1418569,Pass
1418570,Pass
1418571,Pass
1418573,Pass
1418574,Pass
1418575,Pass
1418576,Pass
1418577,Pass
1418579,Pass
1418580,Pass
1418581,Pass
1418582,Pass
1418584,Pass
1418585,Fail
1418586,Pass
1418587,Fail
1418588,Pass
1418589,Fail
1418590,Fail
1418593,Pass
1418594,Fail
1418595,Fail
1418598,Pass
1418599,Fail
1418601,Pass
1418603,Pass
1418604,Pass
1418605,Fail
1418606,Pass
1418608,Pass
1418614,Pass
1418621,Pass
1418622,Pass
1418624,Pass
1418625,Pass
1418626,Pass
1418627,Pass
1418628,Pass
1422206,Pass
1424206,Pass
1424207,Pass
1424208,Fail
1424209,Pass
1424210,Fail
1424211,Pass
1424214,Pass
1424216,Pass
1424219,Pass
1424222,Pass
1424223,Pass
1424224,Pass
1424225,Pass
1424472,Pass
1424474,Fail
1424476,Pass
1424477,Fail
1424481,Pass
1424484,Pass
1424485,Pass
1424487,Fail
1424488,Fail
1424489,Fail
1424490,Pass
1424492,Fail
1424493,Pass
1424495,Pass
1424496,Pass
1424497,Pass
1424498,Pass
1424502,Pass
1424503,Pass
1424505,Pass
1424507,Pass
1424510,Pass
1424512,Pass
1424513,Fail
1424515,Pass
1424516,Pass
1424517,Pass
1424518,Pass
1424519,Pass
1424520,Pass
1424522,Fail
1424523,Pass
1424524,Fail
1424526,Fail
1424528,Pass
1424529,Pass
1424530,Fail
1424531,Fail
1424533,Pass
1424536,Pass
1424537,Pass
1424540,Pass
1424541,Pass
1424542,Pass
1424543,Fail
1424544,Pass
1424547,Pass
1424548,Fail
1424549,Pass
1424550,Fail
1424551,Pass
1424552,Pass
1424553,Pass
1424555,Pass
1424556,Pass
1424558,Pass
1424559,Pass
1424560,Fail
1424561,Pass
1424562,Fail
1424563,Pass
1424567,Pass
1424568,Fail
1424570,Fail
1424572,Fail
1424573,Pass
1424574,Pass
1424575,Pass
1424576,Fail
1424578,Pass
1424579,Fail
1424581,Fail
1424583,Fail
1424584,Pass
1424585,Fail
1424587,Fail
1424589,Fail
1434206,Fail
1434207,Fail
1434211,Pass
1434212,Pass
1434213,Pass
1434215,Pass
1434216,Pass
1434217,Pass
1434218,Fail
1434220,Pass
1434222,Pass
1434223,Pass
1434226,Pass
1434231,Pass
1434233,Pass
1434234,Fail
1434237,Fail
1434239,Pass
1434240,Pass
1434241,Fail
1434242,Pass
1434247,Pass
1434249,Pass
1434251,Pass
1434252,Pass
1434255,Pass
1434258,Pass
1434264,Pass
1434267,Fail
1434268,Pass
1434269,Pass
1434270,Pass
1434273,Fail
1434275,Pass
1434276,Pass
1434277,Fail
1434278,Pass
1434280,Fail
1434282,Fail
1434283,Pass
1434285,Pass
1434286,Fail
1434288,Fail
1434290,Fail
1434294,Pass
1434295,Pass
1434296,Pass
1434302,Fail
1434304,Pass
1434307,Pass
1434310,Pass
1434311,Pass
1434316,Fail
1434317,Fail
1434319,Pass
1434320,Pass
1434321,Fail
1434322,Fail
1434324,Fail
1434326,Pass
1434327,Fail
1434335,Pass
1434337,Pass
1434340,Fail
1434342,Pass
1434343,Fail
1434344,Pass
1434348,Fail
1434351,Pass
1434352,Pass
1434356,Pass
1434357,Pass
1434358,Pass
1434360,Pass
1434361,Pass
1434364,Fail
1434366,Pass
1434369,Pass
1434373,Pass
1434374,Pass
1434376,Fail
1434377,Fail
1434381,Fail
1434383,Fail
1434387,Pass
1434388,Pass
1434389,Pass
1434391,Pass
1434393,Fail
1434398,Pass
1434399,Pass
1434400,Pass
1434408,Pass
1434409,Pass
1434411,Pass
1434412,Fail
1434413,Fail
1434415,Pass
1434416,Fail
1434419,Pass
1434424,Pass
1434426,Fail
1434427,Pass
1434433,Pass
1434436,Pass
1434437,Fail
1434438,Pass
1434439,Pass
1434442,Pass
1434446,Pass
1434449,Pass
1434451,Pass
1434452,Fail
1434455,Pass
1434457,Pass
1434458,Fail
1434460,Fail
1434462,Pass
1434464,Pass
1434465,Fail
1434467,Fail
1434468,Fail
1434469,Pass
1434470,Pass
1434475,Fail
1434477,Pass
1434478,Fail
1434480,Pass
1434487,Pass
1434489,Fail
1434490,Pass
1434496,Fail
1434497,Pass
1434499,Pass
1434502,Pass
1434506,Pass
1434508,Pass
1434509,Fail
1434510,Pass
1434512,Pass
1434515,Pass
1434517,Pass
1434520,Pass
1434521,Pass
1434523,Pass
1434524,Pass
1434525,Pass
1434527,Pass
1434530,Pass
1434532,Pass
1434533,Pass
1434538,Pass
1434539,Pass
1434540,Pass
1434542,Pass
1434543,Pass
1434544,Pass
1434545,Pass
1434547,Pass
1434549,Pass
1434551,Fail
1434552,Fail
1434553,Pass
1434554,Fail
1434555,Pass
1434556,Fail
1434557,Pass
1434560,Pass
1434562,Fail
1434564,Pass
1434568,Pass
1434569,Pass
1434573,Pass
1434574,Pass
1434576,Pass
1434577,Pass
1434578,Fail
1434579,Pass
1434580,Pass
1434582,Pass
1434583,Pass
1434584,Pass
1434585,Pass
1434588,Pass
1434591,Fail
1434592,Pass
1434594,Pass
1434598,Pass
1434603,Pass
1434604,Pass
1434605,Pass
1434606,Pass
1434608,Pass
1434612,Pass
1434617,Fail
1434620,Pass
1434621,Pass
1434622,Fail
1434627,Pass
1434628,Pass
1434631,Pass
1434633,Fail
1434637,Pass
1434638,Pass
1434642,Fail
1434647,Pass
1434648,Pass
1434649,Pass
1434652,Pass
1434654,Pass
1434657,Fail
1434658,Pass
1434660,Pass
1434664,Pass
1434667,Pass
1434668,Pass
1434669,Pass
1434670,Pass
1434671,Pass
1434675,Pass
1434676,Fail
1434678,Fail
1434679,Pass
1434681,Pass
1434684,Pass
1434688,Fail
1434689,Pass
1434691,Fail
1434692,Pass
1434695,Fail
1434703,Pass
1434704,Pass
1434709,Fail
1434711,Pass
1434712,Pass
1434714,Pass
1434716,Pass
1434720,Pass
1434724,Pass
1434726,Pass
1434732,Fail
1434734,Pass
1434736,Fail
1434739,Pass
1434740,Pass
1434742,Pass
1434743,Pass
1434748,Pass
1434749,Fail
1434752,Pass
1434755,Pass
1434756,Pass
1434759,Pass
1434761,Pass
1434762,Fail
1434763,Fail
1434764,Pass
1434776,Pass
1434777,Fail
1434778,Pass
1434779,Fail
1434780,Pass
1434782,Pass
1434788,Pass
1434789,Fail
1434791,Pass
1434792,Fail
1434796,Pass
1434797,Pass
1434799,Pass
1434800,Fail
1434801,Fail
1434802,Pass
1434804,Pass
1434805,Pass
1434806,Pass
1434807,Pass
1434809,Fail
1434811,Pass
1434812,Pass
1434815,Fail
1434816,Pass
1434817,Fail
1434821,Pass
1434826,Pass
1434828,Fail
1434830,Pass
1434835,Fail
1434836,Fail
1434841,Pass
1434843,Fail
1434844,Pass
1434845,Pass
1434848,Pass
1434850,Fail
1434854,Pass
1434855,Pass
1434860,Pass
1434863,Pass
1434867,Pass
1434869,Fail
1434872,Pass
1434875,Pass
1434879,Pass
1434880,Pass
1434883,Pass
1434886,Fail
1434887,Pass
1434888,Fail
1434889,Pass
1435206,Fail
1435207,Fail
1435208,Pass
1435209,Pass
1435244,Pass
1435246,Fail
1435247,Pass
1439206,Fail
1439209,Fail
1439210,Fail
1439211,Fail
1439212,Pass
1439213,Pass
1439214,Pass
1439215,Pass
1439216,Pass
1439217,Fail
1439218,Pass
1439219,Pass
1439220,Pass
1439221,Pass
1439222,Fail
1439223,Pass
1439225,Pass
1439228,Pass
1439230,Pass
1439232,Pass
1439235,Pass
1439237,Fail
1439239,Pass
1439240,Pass
1439241,Fail
1439243,Pass
1439244,Pass
1439246,Pass
1439247,Pass
1439248,Fail
1439507,Pass
1439508,Fail
1439509,Pass
1439510,Pass
1439511,Pass
1439515,Pass
1439516,Pass
1439522,Pass
1439523,Fail
1439524,Pass
1439526,Pass
1439527,Fail
1439528,Pass
1439529,Pass
1439530,Fail
1439531,Fail
1439538,Pass
1439540,Fail
1439541,Pass
1439544,Pass
1439547,Pass
1439551,Pass
1439557,Fail
1439562,Pass
1439564,Pass
1439565,Fail
1439566,Fail
1439568,Pass
1439572,Pass
1439575,Pass
1439576,Pass
1439578,Pass
1439584,Pass
1439585,Pass
1439586,Pass
1439588,Pass
1439589,Fail
1439593,Pass
1439594,Pass
1439597,Pass
1439600,Pass
1439601,Fail
1441207,Fail
1441421,Fail
1441423,Pass
1441426,Pass
1441427,Pass
1441428,Fail
1441429,Fail
1441432,Fail
1441434,Fail
1441435,Pass
1441436,Pass
1441439,Pass
1441441,Pass
1441443,Fail
1441444,Pass
1441446,Fail
1441448,Pass
1441449,Pass
1441450,Pass
1441451,Pass
1441452,Pass
1441453,Pass
1441454,Pass
1441455,Pass
1441456,Pass
1441457,Fail
1441459,Pass
1441462,Fail
1441463,Pass
1441469,Pass
1441471,Pass
1441472,Pass
1441473,Pass
1441476,Pass
1441477,Pass
1441478,Pass
1441479,Pass
1441480,Pass
1441481,Pass
1441482,Pass
1441483,Pass
1441484,Pass
1441485,Pass
1441487,Pass
1441488,Pass
1441489,Pass
1441497,Pass
1441498,Fail
1441500,Fail
1441501,Fail
1441503,Pass
1441504,Fail
1441505,Fail
1441507,Fail
1441508,Fail
1441509,Pass
1441510,Pass
1441511,Pass
1441513,Fail
1441514,Fail
1441519,Pass
1441520,Pass
1441521,Pass
1441522,Fail
1441524,Fail
1441525,Pass
1441526,Pass
1441527,Pass
1441528,Fail
1441531,Fail
1441532,Fail
1441533,Fail
1441534,Fail
1441535,Fail
1441537,Pass
1445207,Fail
1445208,Fail
1445209,Fail
1445210,Pass
1445211,Pass
1445212,Pass
1445213,Fail
1445252,Pass
1445253,Fail
1445254,Fail
1445260,Fail
1445261,Pass
1447206,Fail
1447207,Pass
1447208,Pass
1447210,Pass
1447212,Pass
1447213,Pass
1447214,Pass
1447216,Pass
1447217,Pass
1447218,Pass
1447219,Fail
1447220,Pass
1447221,Fail
1447222,Pass
1447223,Fail
1447225,Fail
1447226,Fail
1447227,Fail
1447228,Fail
1447230,Fail
1447231,Pass
1447232,Pass
1447238,Pass
1447239,Pass
1447240,Pass
1447242,Pass
1447244,Pass
1447246,Pass
1447248,Pass
1447251,Pass
1447252,Fail
1447260,Pass
1447447,Fail
1447449,Pass
1447450,Pass
1447451,Pass
1447452,Fail
1447455,Pass
1447456,Pass
1447457,Pass
1447459,Pass
1447460,Pass
1447462,Pass
1447466,Pass
1447467,Fail
1447470,Fail
1447471,Pass
1447475,Pass
1447476,Pass
1447477,Pass
1447478,Pass
1447480,Pass
1447481,Fail
1447482,Pass
1447484,Pass
1447486,Fail
1447488,Pass
1447496,Pass
1447500,Pass
1447502,Pass
1447505,Fail
1447507,Pass
1447508,Pass
1447509,Pass
1447510,Pass
1447513,Pass
1447514,Fail
1447517,Pass
1447518,Pass
1447520,Fail
1447522,Pass
1447524,Pass
1447525,Pass
1447526,Pass
1447528,Pass
1447529,Pass
1447532,Pass
1447533,Pass
1447534,Pass
1447536,Fail
1447539,Pass
1447545,Pass
1447550,Pass
1447551,Pass
1453208,Pass
1453209,Pass
1453210,Pass
1453211,Pass
1453214,Pass
1453216,Pass
1453218,Fail
1453219,Pass
1453220,Pass
1453221,Pass
1453222,Pass
1453223,Pass
1453224,Pass
1453231,Pass
1453232,Pass
1453239,Fail
1453240,Pass
1453242,Pass
1453245,Pass
1453247,Fail
1453249,Pass
1453250,Pass
1453251,Pass
1453252,Pass
1453253,Pass
1453254,Fail
1453255,Pass
1453258,Pass
1453260,Fail
1453264,Pass
1453265,Fail
1453267,Pass
1453268,Pass
1453269,Pass
1453515,Pass
1453516,Fail
1453518,Pass
1453519,Pass
1453525,Pass
1453528,Pass
1453529,Pass
1453532,Pass
1453536,Fail
1453537,Pass
1453538,Fail
1453539,Pass
1453541,Pass
1453543,Pass
1453544,Pass
1453554,Pass
1453559,Fail
1453561,Pass
1453567,Pass
1453570,Fail
1453571,Pass
1453577,Pass
1453578,Pass
1453579,Pass
1453582,Pass
1453585,Pass
1453587,Pass
1453588,Pass
1453590,Pass
1453591,Pass
1453592,Pass
1453602,Pass
1453603,Pass
1453609,Pass
1453610,Fail
1453617,Pass
1453621,Pass
1453623,Pass
1462206,Pass
1462213,Pass
1464208,Fail
1464209,Pass
1464210,Pass
1464213,Pass
1464214,Pass
1464215,Pass
1464218,Pass
1464219,Fail
1464220,Fail
1464221,Pass
1464222,Pass
1464223,Pass
1464224,Pass
1464450,Pass
1464452,Pass
1464454,Fail
1464456,Pass
1464457,Fail
1464459,Fail
1464461,Fail
1464466,Pass
1464467,Fail
1464468,Pass
1464470,Pass
1464473,Pass
1464474,Fail
1464476,Pass
1464478,Fail
1464479,Fail
1464482,Pass
1464483,Fail
1464484,Fail
1464489,Pass
1464496,Pass
1464505,Pass
1464510,Pass
1464519,Pass
1464520,Fail
1464521,Pass
1464523,Pass
1464525,Pass
1464530,Pass
1464531,Pass
1464533,Fail
1464535,Pass
1464536,Pass
1464537,Pass
1464539,Pass
1464540,Pass
1464541,Pass
1464545,Pass
1464546,Fail
1464548,Pass
1464549,Pass
1464551,Pass
1464552,Pass
1464553,Pass
1464554,Pass
1464557,Fail
1467208,Fail
1467209,Pass
1467210,Pass
1467211,Fail
1467212,Pass
1467213,Fail
1467214,Pass
1467220,Fail
1467222,Pass
1467224,Pass
1467236,Fail
1467457,Pass
1467458,Pass
1467461,Pass
1467462,Pass
1467463,Pass
1467466,Pass
1467469,Pass
1467470,Pass
1467472,Pass
1467477,Pass
1467483,Pass
1467484,Fail
1467485,Pass
1467486,Pass
1467501,Pass
1467502,Pass
1467508,Pass
1467514,Pass
1467520,Pass
1467521,Pass
1467531,Pass
1467532,Pass
1467537,Pass
1467538,Pass
1467539,Pass
1467540,Pass
1467541,Pass
1467545,Fail
1467546,Pass
1471206,Pass
1471207,Pass
1471208,Pass
1471209,Pass
1471210,Pass
1471211,Pass
1471213,Pass
1471216,Fail
1471218,Pass
1471219,Pass
1471220,Pass
1471221,Fail
1471222,Pass
1471223,Pass
1471224,Pass
1471225,Fail
1471227,Pass
1471451,Pass
1471452,Pass
1471454,Pass
1471455,Pass
1471456,Fail
1471457,Pass
1471460,Pass
1471461,Pass
1471464,Pass
1471466,Pass
1471469,Fail
1471471,Pass
1471472,Pass
1471474,Fail
1471478,Pass
1471482,Pass
1471483,Pass
1471485,Pass
1471486,Pass
1471487,Pass
1471488,Pass
1471489,Pass
1471492,Pass
1471493,Pass
1471494,Pass
1471496,Pass
1471501,Pass
1471505,Pass
1471509,Pass
1471510,Pass
1480267,Pass
1480268,Pass
1480271,Fail
1480273,Pass
1480274,Pass
1480275,Pass
1480278,Fail
1480280,Pass
1480281,Fail
1480282,Pass
1480286,Pass
1480287,Fail
1480288,Pass
1480290,Fail
1480291,Pass
1480292,Pass
1480309,Pass
1480313,Pass
1480318,Pass
1480323,Fail
1480326,Pass
1480330,Pass
1480331,Pass
1480338,Fail
1480340,Fail
1480341,Pass
1480346,Pass
1480347,Pass
1480352,Pass
1480354,Pass
1480355,Fail
1480358,Pass
1480359,Pass
1480362,Pass
1480363,Pass
1480364,Fail
1480365,Pass
1480374,Fail
1480375,Pass
1480376,Pass
1480377,Pass
1480378,Fail
1482362,Pass
1482364,Pass
1482368,Pass
1482370,Pass
1482371,Fail
1482372,Pass
1482376,Pass
1482377,Pass
1482379,Pass
1482380,Pass
1482382,Pass
1482383,Pass
1482384,Pass
1482385,Pass
1482387,Pass
1482389,Pass
1482390,Pass
1482391,Pass
1482392,Fail
1482395,Pass
1482396,Pass
1482397,Pass
1482400,Pass
1482401,Pass
1482403,Pass
1482405,Fail
1482406,Pass
1482410,Pass
1482411,Pass
1482412,Fail
1482413,Pass
1482414,Fail
1482421,Fail
1482422,Pass
1482423,Fail
1482424,Fail
1482425,Fail
1482436,Pass
1482440,Pass
1482441,Fail
1482443,Fail
1482445,Pass
1482447,Pass
1482452,Fail
1482457,Pass
1482459,Pass
1482461,Pass
1482476,Pass
1482477,Fail
1482481,Pass
1482482,Pass
1482485,Pass
1482486,Pass
1482487,Pass
1482489,Fail
1482490,Fail
1482492,Fail
1496245,Fail
1496247,Fail
1496248,Pass
1496249,Pass
1496252,Pass
1496258,Pass
1496263,Pass
1496264,Pass
1496266,Pass
1496267,Pass
1496269,Fail
1496270,Pass
1496271,Fail
1496273,Pass
1496274,Pass
1496278,Fail
1496279,Pass
1496280,Fail
1496281,Fail
1496283,Fail
1496286,Pass
1496287,Pass
1496292,Pass
1496300,Pass
1496301,Pass
1496302,Pass
1496303,Pass
1496304,Pass
1496306,Fail
1496308,Pass
1496309,Pass
1496313,Pass
1496314,Fail
1496315,Pass
1496316,Pass
1496321,Pass
1496322,Pass
1496323,Fail
1496326,Fail
1496327,Pass
1496328,Fail
1496329,Pass
1496330,Fail
1496332,Pass
1496334,Pass
1496338,Fail
1496345,Fail
1496347,Pass
1496351,Fail
1496352,Pass
1496355,Pass
1496364,Pass
1496366,Pass
1496369,Fail
1496370,Pass
1496373,Fail
1496375,Pass
1496378,Pass
1496379,Fail
1496381,Pass
1496385,Pass
1496386,Pass
1496388,Pass
1496389,Fail
1496390,Pass
1496394,Pass
1496395,Pass
1496396,Fail
1496397,Fail
1496398,Pass
1496399,Fail
1496401,Pass
1496403,Fail
1496404,Pass
1496405,Pass
1496407,Pass
1496408,Pass
1496410,Pass
1496411,Pass
1496417,Fail
1496421,Pass
1496422,Pass
1496424,Pass
1496425,Pass
1496432,Pass
1496435,Pass
1496441,Pass
1496445,Fail
1496446,Fail
1496449,Pass
1496450,Pass
1496453,Fail
1496455,Fail
1496456,Pass
1496458,Fail
1496460,Pass
1496461,Pass
1496463,Fail
1496464,Pass
1496465,Pass
1496469,Pass
1496472,Pass
1496473,Pass
1496476,Fail
1496482,Pass
1496483,Pass
1496484,Pass
1496486,Pass
1496487,Pass
1496493,Fail
1496495,Pass
1496497,Fail
1496498,Pass
1496500,Pass
1496501,Pass
1496504,Fail
1496510,Pass
1496513,Fail
1496515,Pass
1496522,Pass
1496523,Fail
1496526,Pass
1496529,Pass
1496531,Fail
1496534,Pass
1496535,Fail
1496541,Pass
1496542,Pass
1496543,Pass
1496547,Fail
1496548,Fail
1496560,Pass
1496562,Pass
1496565,Pass
1496566,Pass
1496568,Pass
1496569,Pass
1496572,Pass
1496573,Pass
1496577,Fail
1496578,Fail
1496579,Pass
1496580,Fail
1496583,Pass
1496585,Pass
1496586,Fail
1496589,Pass
1496591,Fail
1496596,Pass
1496599,Fail
1496601,Pass
1496603,Pass
1496607,Pass
1496609,Pass
1496610,Pass
1496617,Pass
1496618,Pass
1496619,Fail
1496623,Fail
1496625,Pass
1496626,Pass
1496627,Pass
1496630,Pass
1496634,Fail
1496636,Pass
1496637,Pass
1496638,Pass
1496641,Fail
1496642,Pass
1496644,Fail
1496657,Pass
1496658,Pass
1496659,Pass
1496661,Pass
1496662,Pass
1496664,Fail
1496665,Pass
1496668,Fail
1496671,Pass
1496673,Pass
1496680,Pass
1496682,Pass
1496683,Fail
1496687,Pass
1496689,Pass
1496694,Pass
1496696,Fail
1496703,Pass
1496704,Fail
1496708,Fail
1496712,Fail
1496714,Pass
1496715,Pass
1496716,Pass
1496717,Pass
1496724,Pass
1496726,Pass
1496728,Pass
1496731,Pass
1496732,Pass
1496734,Pass
1496735,Pass
1496736,Pass
1496740,Pass
1496741,Pass
1496742,Pass
1496745,Pass
1496746,Pass
1496747,Pass
1496750,Pass
1496752,Pass
1496754,Pass
1496755,Pass
1496760,Fail
1496762,Pass
1496763,Pass
1496764,Pass
1496765,Pass
1496766,Pass
1496769,Pass
1496771,Pass
1496772,Pass
1496773,Fail
1496782,Pass
1496785,Pass
1496787,Pass
1496788,Pass
1496790,Pass
1496791,Pass
1496793,Pass
1496795,Pass
1496796,Pass
1496800,Pass
1496801,Pass
1496808,Pass
1496809,Pass
1496812,Fail
1496814,Pass
1496819,Pass
1496820,Fail
1496828,Pass
1496830,Fail
1496833,Pass
1496835,Pass
1496838,Pass
1496843,Pass
1496846,Pass
1496848,Pass
1496852,Pass
1496853,Fail
1496854,Pass
1496857,Pass
1496860,Pass
1496862,Pass
1496863,Pass
1496864,Pass
1496872,Pass
1496873,Fail
1496878,Pass
1496879,Pass
1496880,Pass
1496882,Pass
1496885,Pass
1496887,Pass
1496888,Pass
1496890,Pass
1496891,Pass
1496894,Pass
1496895,Pass
1496903,Pass
1496904,Pass
1496905,Pass
1496906,Pass
1496907,Pass
1496910,Pass
1496911,Pass
1496914,Pass
1496916,Pass
1496917,Fail
1496918,Pass
1496923,Fail
1496925,Pass
1496927,Fail
1496930,Pass
1496935,Pass
1496942,Pass
1496947,Pass
1496948,Fail
1496949,Pass
1496950,Pass
1496953,Pass
1496959,Pass
1496960,Pass
1496968,Pass
1496969,Fail
1496970,Fail
1496974,Fail
1496976,Fail
1496977,Pass
1496978,Pass
1496980,Pass
1496982,Fail
1496983,Pass
1496987,Fail
1496991,Pass
1496992,Pass
1496994,Fail
1496997,Pass
1497007,Fail
1497009,Fail
1497012,Pass
1497013,Pass
1497021,Pass
1497023,Pass
1497025,Pass
1497026,Pass
1497027,Fail
1497028,Pass
1497032,Pass
1497034,Pass
1497035,Pass
1497038,Pass
1497039,Pass
1497043,Pass
1497055,Pass
1497058,Fail
1497059,Pass
1497075,Pass
1497079,Pass
1497080,Pass
1497081,Pass
1497085,Pass
1497088,Pass
1497090,Pass
1497091,Pass
1497092,Pass
1497094,Pass
1497097,Pass
1497099,Fail
1497101,Pass
1497103,Pass
1497116,Fail
1497122,Pass
1497123,Pass
1497130,Pass
1497138,Pass
1497139,Pass
1497140,Fail
1497141,Pass
1497143,Pass
1497144,Pass
1497145,Pass
1497146,Fail
1497147,Pass
1497150,Pass
1497151,Pass
1497152,Pass
1497154,Pass
1497156,Fail
1497158,Pass
1497162,Fail
1497164,Pass
1497170,Pass
1497175,Pass
1497176,Pass
1497179,Pass
1497181,Pass
1497183,Pass
1497185,Pass
1497186,Pass
1497187,Pass
1497188,Pass
1497189,Pass
1497195,Pass
1497197,Pass
1497198,Pass
1497202,Pass
1497203,Pass
1497206,Fail
1497208,Pass
1497209,Pass
1497213,Pass
1497217,Pass
1497218,Pass
1497219,Pass
1497224,Fail
1497226,Pass
1497227,Pass
1497228,Fail
1497229,Pass
1497230,Pass
1497232,Fail
1497233,Pass
1497234,Pass
1497235,Pass
1497238,Pass
1497239,Pass
1497240,Pass
1497242,Fail
1497247,Pass
1497248,Pass
1497254,Pass
1497258,Pass
1497259,Pass
1497262,Pass
1497263,Pass
1497264,Pass
1497267,Pass
1497269,Pass
1497270,Fail
1497271,Pass
1497274,Pass
1497279,Pass
1497281,Fail
1497282,Pass
1497286,Fail
1497287,Pass
1497288,Pass
1497289,Pass
1497290,Pass
1497291,Pass
1497294,Pass
1497296,Pass
1497301,Pass
1497303,Pass
1497305,Pass
1497306,Fail
1497309,Pass
1497312,Fail
1497313,Pass
1497317,Pass
1497324,Pass
1497325,Pass
1497327,Pass
1497332,Fail
1497334,Pass
1497344,Fail
1497350,Pass
1497351,Fail
1497353,Pass
1497354,Pass
1497355,Pass
1497356,Pass
1497358,Pass
1497360,Fail
1497364,Pass
1497366,Fail
1497369,Pass
1497370,Fail
1497371,Fail
1497372,Fail
1497373,Pass
1497374,Pass
1497375,Pass
1497376,Pass
1497377,Pass
1497381,Fail
1497383,Pass
1497384,Pass
1497386,Pass
1497387,Pass
1497388,Pass
1497396,Pass
1497397,Pass
1497404,Pass
1497407,Pass
1497409,Pass
1497410,Pass
1497413,Pass
1497415,Fail
1497417,Pass
1497419,Pass
1497420,Fail
1497421,Pass
1497426,Pass
1497427,Pass
1497429,Pass
1497433,Pass
1497437,Pass
1497439,Pass
1497443,Pass
1497448,Fail
1497451,Pass
1497454,Pass
1497455,Pass
1497458,Pass
1497465,Pass
1497466,Pass
1497473,Pass
1497476,Fail
1497478,Pass
1497479,Fail
1497486,Pass
1497487,Pass
1497491,Pass
1497493,Fail
1497494,Pass
1497497,Pass
1497498,Pass
1497499,Pass
1497501,Pass
1497502,Fail
1497503,Pass
1497504,Pass
1497507,Pass
1497508,Fail
1497509,Fail
1497513,Pass
1497514,Fail
1497515,Pass
1497517,Fail
1497518,Pass
1497520,Pass
1497523,Fail
1497525,Pass
1497528,Fail
1497529,Fail
1497530,Pass
1497533,Fail
1497534,Pass
1497535,Fail
1497540,Fail
1497541,Pass
1497549,Fail
1497551,Pass
1497555,Pass
1497559,Pass
1497561,Fail
1497562,Pass
1497563,Pass
1497565,Pass
1497572,Pass
1497576,Pass
1497580,Pass
1497582,Pass
1497584,Pass
1497585,Pass
1497586,Pass
1497592,Pass
1497595,Pass
1497601,Fail
1497604,Pass
1497605,Fail
1497606,Fail
1497607,Pass
1497608,Pass
1497611,Pass
1497613,Pass
1497616,Pass
1497618,Fail
1497621,Fail
1497622,Pass
1497623,Pass
1497626,Pass
1497627,Pass
1497628,Pass
1497633,Pass
1497634,Pass
1497635,Pass
1497636,Pass
1497637,Pass
1497638,Fail
1497639,Pass
1497640,Pass
1497641,Pass
1497643,Pass
1497644,Pass
1497648,Pass
1497651,Pass
1497652,Pass
1497657,Pass
1497658,Pass
1497659,Pass
1497660,Pass
1497661,Pass
1497662,Fail
1497663,Pass
1497671,Fail
1497672,Pass
1497676,Pass
1497677,Pass
1497680,Pass
1497681,Fail
1497683,Pass
1497684,Pass
1497690,Pass
1497693,Fail
1497697,Fail
1497698,Pass
1497700,Pass
1497701,Pass
1497704,Pass
1497707,Pass
1497708,Pass
1497713,Pass
1497721,Pass
1497723,Pass
1497724,Pass
1497726,Pass
1497729,Fail
1497730,Pass
1497732,Pass
1497733,Pass
1497735,Fail
1497736,Pass
1497737,Pass
1497738,Pass
1497739,Pass
1497740,Pass
1497741,Pass
1497743,Pass
1497745,Pass
1497746,Pass
1497750,Pass
1497751,Fail
1497756,Pass
1497760,Fail
1497764,Pass
1497767,Fail
1497770,Pass
1497772,Pass
1497773,Fail
1497778,Pass
1497779,Pass
1497785,Pass
1497787,Pass
1497794,Pass
1497795,Pass
1497796,Pass
1497800,Fail
1497801,Pass
1497802,Pass
1497803,Pass
1497804,Pass
1497809,Pass
1497812,Pass
1497816,Fail
1497819,Pass
1497824,Pass
1497827,Pass
1497828,Pass
1497830,Pass
1497833,Pass
1497834,Pass
1497839,Pass
1497840,Pass
1497841,Fail
1497843,Pass
1497846,Pass
1497851,Fail
1497854,Pass
1497856,Pass
1497857,Pass
1497858,Pass
1497863,Fail
1497866,Pass
1497868,Pass
1497869,Pass
1497870,Pass
1497874,Pass
1497876,Pass
1497879,Pass
1497881,Pass
1497883,Pass
1497886,Fail
1497894,Pass
1497895,Fail
1497896,Pass
1497899,Pass
1497900,Pass
1497901,Fail
1497902,Pass
1497904,Fail
1497905,Pass
1497907,Pass
1497909,Pass
1497910,Pass
1497911,Pass
1497912,Pass
1497913,Pass
1497914,Pass
1497915,Fail
1497916,Pass
1497918,Pass
1497919,Pass
1497920,Pass
1497921,Pass
1497922,Pass
1497924,Fail
1497927,Pass
1497929,Pass
1497930,Fail
1497931,Pass
1497933,Pass
1497935,Pass
1497939,Fail
1497940,Pass
1497942,Pass
1497943,Pass
1497944,Pass
1497945,Pass
1497946,Pass
1497947,Pass
1497948,Pass
1497950,Pass
1497953,Pass
1497955,Pass
1497957,Pass
1497958,Pass
1497959,Pass
1497964,Fail
1497965,Pass
1497967,Fail
1497968,Pass
1497969,Pass
1497970,Pass
1497971,Pass
1497973,Pass
1497975,Pass
1497976,Pass
1497980,Fail
1497981,Pass
1497984,Pass
1497986,Pass
1497987,Pass
1497989,Pass
1497990,Fail
1497991,Pass
1497993,Pass
1497998,Fail
1497999,Fail
1498001,Fail
1498002,Pass
1498003,Pass
1498007,Pass
1498008,Pass
1498009,Pass
1498011,Pass
1498012,Fail
1498015,Pass
1498017,Pass
1498018,Fail
1498021,Pass
1498022,Pass
1498023,Pass
1498025,Pass
1498027,Pass
1498029,Fail
1498030,Pass
1498033,Pass
1498034,Pass
1498036,Pass
1498037,Pass
1498039,Pass
1498041,Pass
1498045,Pass
1498049,Fail
1498050,Pass
1498051,Pass
1498055,Pass
1498056,Pass
1498057,Fail
1498058,Pass
1498060,Pass
1498063,Pass
1498066,Pass
1498069,Pass
1498071,Pass
1498072,Pass
1498073,Pass
1498074,Pass
1498075,Pass
1498076,Pass
1498077,Pass
1498078,Fail
1498080,Fail
1498081,Pass
1498082,Pass
1498083,Pass
1498084,Pass
1498087,Pass
1498090,Fail
1498091,Pass
1498094,Pass
1498097,Pass
1498098,Pass
1498099,Pass
1498100,Pass
1498103,Pass
1498104,Fail
1498106,Pass
1498107,Pass
1498114,Pass
1498115,Fail
1498116,Pass
1498117,Pass
1498121,Pass
1498123,Fail
1498128,Pass
1498131,Pass
1498133,Fail
1498134,Pass
1498137,Pass
1498138,Pass
1498139,Pass
1498144,Pass
1498154,Pass
1498158,Pass
1498159,Pass
1498162,Pass
1498163,Fail
1498164,Pass
1498165,Pass
1498168,Pass
1498169,Pass
1498170,Pass
1498172,Pass
1498173,Pass
1498175,Pass
1498176,Pass
1498177,Pass
1498178,Fail
1498179,Pass
1498181,Pass
1498184,Fail
1498187,Pass
1498188,Pass
1498189,Fail
1498192,Pass
1498193,Pass
1498197,Pass
1498198,Pass
1498201,Pass
1498202,Pass
1498203,Pass
1498204,Fail
1498205,Pass
1501208,Pass
1501211,Fail
1501212,Fail
1501214,Pass
1501216,Pass
1501218,Pass
1501222,Pass
1501223,Pass
1501224,Fail
1501225,Pass
1501226,Pass
1501228,Pass
1501229,Pass
1501230,Fail
1501231,Fail
1501232,Fail
1501235,Fail
1501239,Pass
1501240,Fail
1501242,Fail
1501243,Fail
1501244,Pass
1501245,Pass
1501246,Pass
1501249,Pass
1501251,Fail
1501253,Fail
1501254,Fail
1501257,Pass
1501259,Fail
1501261,Fail
1501262,Fail
1501264,Pass
1501266,Fail
1501267,Pass
1501268,Pass
1501270,Pass
1501272,Fail
1501274,Pass
1501275,Fail
1501277,Fail
1501278,Pass
1501279,Fail
1501281,Pass
1501284,Fail
1501285,Pass
1501286,Fail
1501290,Fail
1501294,Pass
1501296,Fail
1501299,Pass
1501300,Pass
1501302,Fail
1501305,Fail
1501307,Pass
1501310,Fail
1501311,Fail
1501315,Pass
1501316,Fail
1501317,Pass
1501318,Pass
1501319,Pass
1501321,Pass
1501322,Pass
1501323,Pass
1501324,Pass
1501326,Pass
1501327,Fail
1501328,Pass
1501329,Fail
1501330,Pass
1501335,Fail
1501336,Fail
1501339,Pass
1501341,Pass
1501342,Pass
1501344,Fail
1501346,Pass
1501348,Fail
1501350,Fail
1501352,Fail
1501353,Pass
1501355,Pass
1501356,Fail
1501357,Pass
1501358,Pass
1501362,Pass
1501363,Fail
1501366,Fail
1501368,Pass
1501370,Fail
1501371,Fail
1501372,Fail
1501375,Pass
1501377,Pass
1501379,Pass
1501381,Fail
1501382,Pass
1501383,Fail
1501384,Pass
1501389,Fail
1501390,Fail
1501393,Pass
1501395,Pass
1501396,Fail
1501397,Fail
1501402,Pass
1501405,Pass
1501406,Pass
1501409,Pass
1501410,Pass
1501412,Fail
1501414,Pass
1501416,Fail
1501417,Pass
1501420,Pass
1501421,Pass
1501423,Pass
1501425,Pass
1501428,Fail
1501429,Fail
1501430,Fail
1501431,Pass
1501432,Pass
1501433,Pass
1501434,Fail
1501435,Pass
1501438,Fail
1501441,Fail
1501442,Pass
1501443,Fail
1501444,Fail
1506206,Pass
1506207,Pass
1506213,Pass
1506214,Pass
1506215,Pass
1506219,Pass
1506220,Pass
1506221,Pass
1506222,Fail
1506225,Pass
1506226,Pass
1506228,Pass
1506230,Pass
1506231,Fail
1506234,Fail
1506235,Fail
1506237,Fail
1506238,Pass
1506240,Fail
1506241,Fail
1506242,Fail
1506243,Fail
1506245,Fail
1506247,Pass
1508206,Pass
1508207,Fail
1513208,Fail
